,Código Departamento,Nombre Departamento,Área,Año,Hogares,Viviendas
0,5,Antioquia,Total,1993,1076115,1026087
1,5,Antioquia,Total,1994,1108446,1057351
2,5,Antioquia,Total,1995,1140636,1088549
3,5,Antioquia,Total,1996,1172306,1119328
4,5,Antioquia,Total,1997,1203264,1149513
5,5,Antioquia,Total,1998,1233161,1178774
6,5,Antioquia,Total,1999,1262001,1207119
7,5,Antioquia,Total,2000,1289828,1234593
8,5,Antioquia,Total,2001,1316828,1261377
9,5,Antioquia,Total,2002,1343329,1287786
10,5,Antioquia,Total,2003,1369857,1314326
11,5,Antioquia,Total,2004,1397066,1341627
12,5,Antioquia,Total,2005,1425184,1369905
13,5,Antioquia,Total,2006,1455690,1400593
14,5,Antioquia,Total,2007,1488463,1433578
15,5,Antioquia,Total,2008,1523900,1469243
16,5,Antioquia,Total,2009,1562439,1508017
17,5,Antioquia,Total,2010,1604416,1550230
18,5,Antioquia,Total,2011,1649156,1595235
19,5,Antioquia,Total,2012,1696091,1642484
20,5,Antioquia,Total,2013,1745364,1692116
21,5,Antioquia,Total,2014,1797817,1744946
22,5,Antioquia,Total,2015,1854422,1801920
23,5,Antioquia,Total,2016,1917129,1864937
24,5,Antioquia,Total,2017,1986929,1934968
25,5,Antioquia,Total,2018,2068433,2016519
26,5,Antioquia,Total,2019,2148743,2096981
27,5,Antioquia,Total,2020,2227513,2176067
28,5,Antioquia,Total,2021,2302956,2252010
29,5,Antioquia,Total,2022,2380069,2329671
30,5,Antioquia,Total,2023,2459427,2409594
31,5,Antioquia,Total,2024,2536485,2487310
32,5,Antioquia,Total,Unnamed: 0,0,0
33,8,Atlántico,Total,1993,335014,298758
34,8,Atlántico,Total,1994,349133,311464
35,8,Atlántico,Total,1995,362975,323962
36,8,Atlántico,Total,1996,376408,336140
37,8,Atlántico,Total,1997,389381,347962
38,8,Atlántico,Total,1998,401827,359382
39,8,Atlántico,Total,1999,413733,370403
40,8,Atlántico,Total,2000,425072,381022
41,8,Atlántico,Total,2001,435837,391252
42,8,Atlántico,Total,2002,446122,401202
43,8,Atlántico,Total,2003,456099,411047
44,8,Atlántico,Total,2004,465934,420960
45,8,Atlántico,Total,2005,475955,431259
46,8,Atlántico,Total,2006,486171,441968
47,8,Atlántico,Total,2007,496743,453246
48,8,Atlántico,Total,2008,507656,465085
49,8,Atlántico,Total,2009,519052,477610
50,8,Atlántico,Total,2010,531025,490891
51,8,Atlántico,Total,2011,543472,504805
52,8,Atlántico,Total,2012,556371,519290
53,8,Atlántico,Total,2013,569757,534332
54,8,Atlántico,Total,2014,583715,549958
55,8,Atlántico,Total,2015,598614,566467
56,8,Atlántico,Total,2016,615688,584990
57,8,Atlántico,Total,2017,635478,606022
58,8,Atlántico,Total,2018,662034,633429
59,8,Atlántico,Total,2019,694599,666617
60,8,Atlántico,Total,2020,724339,697008
61,8,Atlántico,Total,2021,747556,721002
62,8,Atlántico,Total,2022,767686,741867
63,8,Atlántico,Total,2023,787842,762603
64,8,Atlántico,Total,2024,810298,785427
65,8,Atlántico,Total,Unnamed: 0,3,3
66,11,"Bogotá, D. C.",Total,1993,1254582,1083194
67,11,"Bogotá, D. C.",Total,1994,1309595,1131187
68,11,"Bogotá, D. C.",Total,1995,1364089,1178887
69,11,"Bogotá, D. C.",Total,1996,1417768,1226081
70,11,"Bogotá, D. C.",Total,1997,1470423,1272632
71,11,"Bogotá, D. C.",Total,1998,1521748,1318330
72,11,"Bogotá, D. C.",Total,1999,1571696,1363197
73,11,"Bogotá, D. C.",Total,2000,1620121,1407177
74,11,"Bogotá, D. C.",Total,2001,1667100,1450422
75,11,"Bogotá, D. C.",Total,2002,1713000,1493335
76,11,"Bogotá, D. C.",Total,2003,1758387,1536510
77,11,"Bogotá, D. C.",Total,2004,1803945,1580638
78,11,"Bogotá, D. C.",Total,2005,1851106,1627079
79,11,"Bogotá, D. C.",Total,2006,1899987,1676031
80,11,"Bogotá, D. C.",Total,2007,1949714,1726794
81,11,"Bogotá, D. C.",Total,2008,2000141,1779269
82,11,"Bogotá, D. C.",Total,2009,2051914,1834014
83,11,"Bogotá, D. C.",Total,2010,2104997,1890931
84,11,"Bogotá, D. C.",Total,2011,2158074,1948714
85,11,"Bogotá, D. C.",Total,2012,2210042,2006169
86,11,"Bogotá, D. C.",Total,2013,2261111,2063247
87,11,"Bogotá, D. C.",Total,2014,2312253,2120582
88,11,"Bogotá, D. C.",Total,2015,2364640,2179015
89,11,"Bogotá, D. C.",Total,2016,2421742,2241559
90,11,"Bogotá, D. C.",Total,2017,2485077,2309499
91,11,"Bogotá, D. C.",Total,2018,2564897,2392320
92,11,"Bogotá, D. C.",Total,2019,2664781,2493444
93,11,"Bogotá, D. C.",Total,2020,2759217,2589000
94,11,"Bogotá, D. C.",Total,2021,2840109,2671281
95,11,"Bogotá, D. C.",Total,2022,2915263,2747550
96,11,"Bogotá, D. C.",Total,2023,2991250,2824006
97,11,"Bogotá, D. C.",Total,2024,3072358,2904747
98,11,"Bogotá, D. C.",Total,Unnamed: 0,6,6
99,13,Bolívar,Total,1993,292346,270055
100,13,Bolívar,Total,1994,302861,279833
101,13,Bolívar,Total,1995,313293,289555
102,13,Bolívar,Total,1996,323703,299206
103,13,Bolívar,Total,1997,333756,308593
104,13,Bolívar,Total,1998,343447,317652
105,13,Bolívar,Total,1999,352768,326408
106,13,Bolívar,Total,2000,361834,335000
107,13,Bolívar,Total,2001,370598,343335
108,13,Bolívar,Total,2002,379180,351525
109,13,Bolívar,Total,2003,387818,359789
110,13,Bolívar,Total,2004,396567,368177
111,13,Bolívar,Total,2005,405670,376904
112,13,Bolívar,Total,2006,415119,385990
113,13,Bolívar,Total,2007,424933,395424
114,13,Bolívar,Total,2008,435113,405215
115,13,Bolívar,Total,2009,445772,415458
116,13,Bolívar,Total,2010,457048,426303
117,13,Bolívar,Total,2011,468919,437715
118,13,Bolívar,Total,2012,481471,449774
119,13,Bolívar,Total,2013,494716,462491
120,13,Bolívar,Total,2014,508767,475972
121,13,Bolívar,Total,2015,523886,490461
122,13,Bolívar,Total,2016,540776,506616
123,13,Bolívar,Total,2017,559758,524742
124,13,Bolívar,Total,2018,583206,547067
125,13,Bolívar,Total,2019,607741,570613
126,13,Bolívar,Total,2020,630814,592808
127,13,Bolívar,Total,2021,650227,611577
128,13,Bolívar,Total,2022,667986,628797
129,13,Bolívar,Total,2023,685822,646088
130,13,Bolívar,Total,2024,703923,663626
131,13,Bolívar,Total,Unnamed: 0,9,9
132,15,Boyacá,Total,1993,257990,244760
133,15,Boyacá,Total,1994,263885,250186
134,15,Boyacá,Total,1995,269621,255472
135,15,Boyacá,Total,1996,275218,260640
136,15,Boyacá,Total,1997,280650,265667
137,15,Boyacá,Total,1998,285962,270603
138,15,Boyacá,Total,1999,291106,275408
139,15,Boyacá,Total,2000,296085,280088
140,15,Boyacá,Total,2001,300983,284732
141,15,Boyacá,Total,2002,305770,289314
142,15,Boyacá,Total,2003,310547,293938
143,15,Boyacá,Total,2004,315379,298670
144,15,Boyacá,Total,2005,320143,303356
145,15,Boyacá,Total,2006,325228,308494
146,15,Boyacá,Total,2007,330406,313755
147,15,Boyacá,Total,2008,335760,319252
148,15,Boyacá,Total,2009,341362,325051
149,15,Boyacá,Total,2010,347187,331125
150,15,Boyacá,Total,2011,353234,337465
151,15,Boyacá,Total,2012,359476,344037
152,15,Boyacá,Total,2013,365954,350868
153,15,Boyacá,Total,2014,372728,358003
154,15,Boyacá,Total,2015,379926,365553
155,15,Boyacá,Total,2016,387701,373653
156,15,Boyacá,Total,2017,396207,382353
157,15,Boyacá,Total,2018,405730,392192
158,15,Boyacá,Total,2019,414242,401052
159,15,Boyacá,Total,2020,422510,409653
160,15,Boyacá,Total,2021,430257,417720
161,15,Boyacá,Total,2022,437989,425738
162,15,Boyacá,Total,2023,445936,433929
163,15,Boyacá,Total,2024,452610,440845
164,15,Boyacá,Total,Unnamed: 0,12,12
165,17,Caldas,Total,1993,222579,215274
166,17,Caldas,Total,1994,228998,221598
167,17,Caldas,Total,1995,235032,227562
168,17,Caldas,Total,1996,240673,233157
169,17,Caldas,Total,1997,245945,238407
170,17,Caldas,Total,1998,250839,243300
171,17,Caldas,Total,1999,255549,248034
172,17,Caldas,Total,2000,259758,252281
173,17,Caldas,Total,2001,263448,256036
174,17,Caldas,Total,2002,266776,259446
175,17,Caldas,Total,2003,269756,262526
176,17,Caldas,Total,2004,272474,265358
177,17,Caldas,Total,2005,275102,268046
178,17,Caldas,Total,2006,277573,270685
179,17,Caldas,Total,2007,280244,273509
180,17,Caldas,Total,2008,283113,276507
181,17,Caldas,Total,2009,286292,279812
182,17,Caldas,Total,2010,289901,283540
183,17,Caldas,Total,2011,293828,287583
184,17,Caldas,Total,2012,297921,291792
185,17,Caldas,Total,2013,302203,296189
186,17,Caldas,Total,2014,306783,300881
187,17,Caldas,Total,2015,311840,306043
188,17,Caldas,Total,2016,317510,311811
189,17,Caldas,Total,2017,323875,318263
190,17,Caldas,Total,2018,331218,325681
191,17,Caldas,Total,2019,338348,332894
192,17,Caldas,Total,2020,345695,340324
193,17,Caldas,Total,2021,352995,347709
194,17,Caldas,Total,2022,360491,355289
195,17,Caldas,Total,2023,368362,363240
196,17,Caldas,Total,2024,376973,371922
197,17,Caldas,Total,Unnamed: 0,15,15
198,18,Caquetá,Total,1993,67430,61760
199,18,Caquetá,Total,1994,69946,64100
200,18,Caquetá,Total,1995,72416,66398
201,18,Caquetá,Total,1996,74796,68614
202,18,Caquetá,Total,1997,77109,70769
203,18,Caquetá,Total,1998,79318,72825
204,18,Caquetá,Total,1999,81438,74799
205,18,Caquetá,Total,2000,83464,76688
206,18,Caquetá,Total,2001,85389,78492
207,18,Caquetá,Total,2002,87211,80217
208,18,Caquetá,Total,2003,88968,81907
209,18,Caquetá,Total,2004,90689,83593
210,18,Caquetá,Total,2005,92407,85302
211,18,Caquetá,Total,2006,94117,87039
212,18,Caquetá,Total,2007,95908,88872
213,18,Caquetá,Total,2008,97801,90832
214,18,Caquetá,Total,2009,99817,92926
215,18,Caquetá,Total,2010,101968,95167
216,18,Caquetá,Total,2011,104279,97576
217,18,Caquetá,Total,2012,106744,100146
218,18,Caquetá,Total,2013,109366,102875
219,18,Caquetá,Total,2014,112219,105830
220,18,Caquetá,Total,2015,115374,109076
221,18,Caquetá,Total,2016,118851,112627
222,18,Caquetá,Total,2017,122690,116519
223,18,Caquetá,Total,2018,126999,120858
224,18,Caquetá,Total,2019,130561,124478
225,18,Caquetá,Total,2020,134333,128291
226,18,Caquetá,Total,2021,138172,132156
227,18,Caquetá,Total,2022,142183,136175
228,18,Caquetá,Total,2023,146321,140303
229,18,Caquetá,Total,2024,151284,145209
230,18,Caquetá,Total,Unnamed: 0,18,18
231,19,Cauca,Total,1993,238756,219735
232,19,Cauca,Total,1994,246323,226681
233,19,Cauca,Total,1995,253648,233401
234,19,Cauca,Total,1996,260765,239925
235,19,Cauca,Total,1997,267728,246300
236,19,Cauca,Total,1998,274653,252600
237,19,Cauca,Total,1999,281400,258755
238,19,Cauca,Total,2000,288205,264899
239,19,Cauca,Total,2001,294994,271013
240,19,Cauca,Total,2002,301807,277148
241,19,Cauca,Total,2003,308855,283449
242,19,Cauca,Total,2004,316250,289994
243,19,Cauca,Total,2005,324047,295653
244,19,Cauca,Total,2006,332567,302737
245,19,Cauca,Total,2007,341730,311800
246,19,Cauca,Total,2008,351649,319851
247,19,Cauca,Total,2009,362370,328270
248,19,Cauca,Total,2010,374090,337098
249,19,Cauca,Total,2011,386784,346243
250,19,Cauca,Total,2012,400399,355646
251,19,Cauca,Total,2013,414942,365394
252,19,Cauca,Total,2014,430658,375871
253,19,Cauca,Total,2015,447771,387483
254,19,Cauca,Total,2016,466487,400598
255,19,Cauca,Total,2017,486938,415457
256,19,Cauca,Total,2018,509477,432411
257,19,Cauca,Total,2019,524244,443256
258,19,Cauca,Total,2020,539177,454578
259,19,Cauca,Total,2021,554091,466149
260,19,Cauca,Total,2022,569318,478195
261,19,Cauca,Total,2023,584984,490768
262,19,Cauca,Total,2024,599202,502282
263,19,Cauca,Total,Unnamed: 0,21,21
264,20,Cesar,Total,1993,143769,138439
265,20,Cesar,Total,1994,149986,144404
266,20,Cesar,Total,1995,156136,150300
267,20,Cesar,Total,1996,162231,156138
268,20,Cesar,Total,1997,168273,161920
269,20,Cesar,Total,1998,174322,167700
270,20,Cesar,Total,1999,180372,173489
271,20,Cesar,Total,2000,186345,179180
272,20,Cesar,Total,2001,192258,184801
273,20,Cesar,Total,2002,198140,190381
274,20,Cesar,Total,2003,204030,195950
275,20,Cesar,Total,2004,209909,201484
276,20,Cesar,Total,2005,215960,207151
277,20,Cesar,Total,2006,222187,212942
278,20,Cesar,Total,2007,228771,219025
279,20,Cesar,Total,2008,235743,225421
280,20,Cesar,Total,2009,243163,232182
281,20,Cesar,Total,2010,251012,239284
282,20,Cesar,Total,2011,259275,246707
283,20,Cesar,Total,2012,268064,254556
284,20,Cesar,Total,2013,277472,262916
285,20,Cesar,Total,2014,287538,271827
286,20,Cesar,Total,2015,298416,281436
287,20,Cesar,Total,2016,310857,292455
288,20,Cesar,Total,2017,325214,305221
289,20,Cesar,Total,2018,343460,321581
290,20,Cesar,Total,2019,363059,339931
291,20,Cesar,Total,2020,381066,356790
292,20,Cesar,Total,2021,395417,370226
293,20,Cesar,Total,2022,407987,381996
294,20,Cesar,Total,2023,420487,393698
295,20,Cesar,Total,2024,433523,405904
296,20,Cesar,Total,Unnamed: 0,24,24
297,23,Córdoba,Total,1993,268600,258155
298,23,Córdoba,Total,1994,275417,264649
299,23,Córdoba,Total,1995,282225,271131
300,23,Córdoba,Total,1996,289132,277705
301,23,Córdoba,Total,1997,296043,284277
302,23,Córdoba,Total,1998,302968,290856
303,23,Córdoba,Total,1999,309971,297496
304,23,Córdoba,Total,2000,317028,304167
305,23,Córdoba,Total,2001,324154,310870
306,23,Córdoba,Total,2002,331494,317730
307,23,Córdoba,Total,2003,339034,324710
308,23,Córdoba,Total,2004,346897,331898
309,23,Córdoba,Total,2005,355126,339290
310,23,Córdoba,Total,2006,363905,347017
311,23,Córdoba,Total,2007,373205,354978
312,23,Córdoba,Total,2008,383071,363137
313,23,Córdoba,Total,2009,393613,371509
314,23,Córdoba,Total,2010,404904,380082
315,23,Córdoba,Total,2011,417054,388900
316,23,Córdoba,Total,2012,430127,398017
317,23,Córdoba,Total,2013,444259,407617
318,23,Córdoba,Total,2014,459545,417932
319,23,Córdoba,Total,2015,476212,429340
320,23,Córdoba,Total,2016,494503,442240
321,23,Córdoba,Total,2017,514622,456965
322,23,Córdoba,Total,2018,537324,474274
323,23,Córdoba,Total,2019,553298,487172
324,23,Córdoba,Total,2020,569013,500074
325,23,Córdoba,Total,2021,583783,512346
326,23,Córdoba,Total,2022,598247,524510
327,23,Córdoba,Total,2023,612852,536925
328,23,Córdoba,Total,2024,626922,548950
329,23,Córdoba,Total,Unnamed: 0,27,27
330,25,Cundinamarca,Total,1993,454312,405335
331,25,Cundinamarca,Total,1994,455873,406653
332,25,Cundinamarca,Total,1995,458002,408491
333,25,Cundinamarca,Total,1996,460768,410918
334,25,Cundinamarca,Total,1997,464194,413962
335,25,Cundinamarca,Total,1998,468270,417627
336,25,Cundinamarca,Total,1999,473123,422039
337,25,Cundinamarca,Total,2000,478790,427253
338,25,Cundinamarca,Total,2001,485371,433383
339,25,Cundinamarca,Total,2002,492967,440549
340,25,Cundinamarca,Total,2003,501782,448973
341,25,Cundinamarca,Total,2004,512052,458910
342,25,Cundinamarca,Total,2005,523436,470134
343,25,Cundinamarca,Total,2006,537514,484036
344,25,Cundinamarca,Total,2007,554289,500736
345,25,Cundinamarca,Total,2008,574017,520529
346,25,Cundinamarca,Total,2009,596925,543673
347,25,Cundinamarca,Total,2010,623169,570351
348,25,Cundinamarca,Total,2011,652701,600534
349,25,Cundinamarca,Total,2012,685443,634131
350,25,Cundinamarca,Total,2013,721693,671369
351,25,Cundinamarca,Total,2014,761781,712486
352,25,Cundinamarca,Total,2015,806295,757952
353,25,Cundinamarca,Total,2016,856362,808761
354,25,Cundinamarca,Total,2017,912813,865647
355,25,Cundinamarca,Total,2018,977601,930435
356,25,Cundinamarca,Total,2019,1044682,997211
357,25,Cundinamarca,Total,2020,1111392,1063568
358,25,Cundinamarca,Total,2021,1171927,1123893
359,25,Cundinamarca,Total,2022,1226847,1178658
360,25,Cundinamarca,Total,2023,1280887,1232378
361,25,Cundinamarca,Total,2024,1337363,1288261
362,25,Cundinamarca,Total,Unnamed: 0,30,30
363,27,Chocó,Total,1993,52825,52005
364,27,Chocó,Total,1994,55883,54980
365,27,Chocó,Total,1995,58910,57942
366,27,Chocó,Total,1996,61999,60963
367,27,Chocó,Total,1997,65112,64007
368,27,Chocó,Total,1998,68335,67098
369,27,Chocó,Total,1999,71601,70285
370,27,Chocó,Total,2000,74988,73501
371,27,Chocó,Total,2001,78426,76764
372,27,Chocó,Total,2002,81865,80066
373,27,Chocó,Total,2003,85399,83485
374,27,Chocó,Total,2004,89054,87012
375,27,Chocó,Total,2005,92898,90688
376,27,Chocó,Total,2006,96846,94480
377,27,Chocó,Total,2007,100831,98284
378,27,Chocó,Total,2008,104862,102105
379,27,Chocó,Total,2009,109010,106039
380,27,Chocó,Total,2010,113240,110031
381,27,Chocó,Total,2011,117636,114150
382,27,Chocó,Total,2012,122245,118438
383,27,Chocó,Total,2013,127126,122964
384,27,Chocó,Total,2014,132271,127718
385,27,Chocó,Total,2015,137809,132821
386,27,Chocó,Total,2016,143653,138204
387,27,Chocó,Total,2017,149877,143930
388,27,Chocó,Total,2018,156425,149951
389,27,Chocó,Total,2019,161035,154152
390,27,Chocó,Total,2020,165699,158406
391,27,Chocó,Total,2021,170294,162602
392,27,Chocó,Total,2022,174877,166796
393,27,Chocó,Total,2023,179373,170917
394,27,Chocó,Total,2024,183837,175022
395,27,Chocó,Total,Unnamed: 0,33,33
396,41,Huila,Total,1993,173213,160182
397,41,Huila,Total,1994,179739,166306
398,41,Huila,Total,1995,186105,172294
399,41,Huila,Total,1996,192320,178153
400,41,Huila,Total,1997,198366,183868
401,41,Huila,Total,1998,204226,189423
402,41,Huila,Total,1999,209901,194820
403,41,Huila,Total,2000,215393,200059
404,41,Huila,Total,2001,220754,205190
405,41,Huila,Total,2002,225959,210188
406,41,Huila,Total,2003,231126,215164
407,41,Huila,Total,2004,236291,220151
408,41,Huila,Total,2005,241609,225294
409,41,Huila,Total,2006,247022,230538
410,41,Huila,Total,2007,252608,235957
411,41,Huila,Total,2008,258357,241539
412,41,Huila,Total,2009,264388,247400
413,41,Huila,Total,2010,270725,253558
414,41,Huila,Total,2011,277418,260063
415,41,Huila,Total,2012,284434,266883
416,41,Huila,Total,2013,291804,274046
417,41,Huila,Total,2014,299638,281658
418,41,Huila,Total,2015,308019,289795
419,41,Huila,Total,2016,317088,298590
420,41,Huila,Total,2017,326898,308093
421,41,Huila,Total,2018,337764,318602
422,41,Huila,Total,2019,346048,326692
423,41,Huila,Total,2020,354477,334925
424,41,Huila,Total,2021,362828,343089
425,41,Huila,Total,2022,371269,351340
426,41,Huila,Total,2023,379803,359682
427,41,Huila,Total,2024,386986,366740
428,41,Huila,Total,Unnamed: 0,36,36
429,44,La Guajira,Total,1993,90698,81261
430,44,La Guajira,Total,1994,93751,83993
431,44,La Guajira,Total,1995,96738,86682
432,44,La Guajira,Total,1996,99638,89312
433,44,La Guajira,Total,1997,102496,91933
434,44,La Guajira,Total,1998,105376,94620
435,44,La Guajira,Total,1999,108209,97335
436,44,La Guajira,Total,2000,111016,100118
437,44,La Guajira,Total,2001,113799,103000
438,44,La Guajira,Total,2002,116631,106048
439,44,La Guajira,Total,2003,119622,109326
440,44,La Guajira,Total,2004,122874,112858
441,44,La Guajira,Total,2005,126531,116720
442,44,La Guajira,Total,2006,130805,121096
443,44,La Guajira,Total,2007,135621,125932
444,44,La Guajira,Total,2008,141017,131284
445,44,La Guajira,Total,2009,146997,137177
446,44,La Guajira,Total,2010,153597,143655
447,44,La Guajira,Total,2011,160771,150679
448,44,La Guajira,Total,2012,168595,158317
449,44,La Guajira,Total,2013,177193,166676
450,44,La Guajira,Total,2014,186566,175749
451,44,La Guajira,Total,2015,196960,185760
452,44,La Guajira,Total,2016,209113,197399
453,44,La Guajira,Total,2017,223523,211134
454,44,La Guajira,Total,2018,242431,229080
455,44,La Guajira,Total,2019,261180,246878
456,44,La Guajira,Total,2020,278284,263124
457,44,La Guajira,Total,2021,291590,275760
458,44,La Guajira,Total,2022,303130,286706
459,44,La Guajira,Total,2023,314732,297699
460,44,La Guajira,Total,2024,325347,307773
461,44,La Guajira,Total,Unnamed: 0,39,39
462,47,Magdalena,Total,1993,174464,162820
463,47,Magdalena,Total,1994,181575,169471
464,47,Magdalena,Total,1995,188477,175931
465,47,Magdalena,Total,1996,195283,182305
466,47,Magdalena,Total,1997,201935,188535
467,47,Magdalena,Total,1998,208362,194559
468,47,Magdalena,Total,1999,214653,200456
469,47,Magdalena,Total,2000,220774,206195
470,47,Magdalena,Total,2001,226791,211825
471,47,Magdalena,Total,2002,232610,217272
472,47,Magdalena,Total,2003,238558,222833
473,47,Magdalena,Total,2004,244560,228435
474,47,Magdalena,Total,2005,250730,234183
475,47,Magdalena,Total,2006,257142,240144
476,47,Magdalena,Total,2007,263699,246223
477,47,Magdalena,Total,2008,270389,252405
478,47,Magdalena,Total,2009,277328,258799
479,47,Magdalena,Total,2010,284474,265361
480,47,Magdalena,Total,2011,291867,272126
481,47,Magdalena,Total,2012,299547,279135
482,47,Magdalena,Total,2013,307658,286519
483,47,Magdalena,Total,2014,316179,294265
484,47,Magdalena,Total,2015,325340,302590
485,47,Magdalena,Total,2016,335780,312091
486,47,Magdalena,Total,2017,347769,323028
487,47,Magdalena,Total,2018,363207,337167
488,47,Magdalena,Total,2019,380197,353009
489,47,Magdalena,Total,2020,395659,367434
490,47,Magdalena,Total,2021,407719,378696
491,47,Magdalena,Total,2022,418169,388462
492,47,Magdalena,Total,2023,428550,398163
493,47,Magdalena,Total,2024,438096,407107
494,47,Magdalena,Total,Unnamed: 0,42,42
495,50,Meta,Total,1993,124472,112811
496,50,Meta,Total,1994,131610,119223
497,50,Meta,Total,1995,138617,125602
498,50,Meta,Total,1996,145678,132028
499,50,Meta,Total,1997,152803,138507
500,50,Meta,Total,1998,160036,145082
501,50,Meta,Total,1999,167282,151673
502,50,Meta,Total,2000,174539,158295
503,50,Meta,Total,2001,181807,164974
504,50,Meta,Total,2002,189103,171742
505,50,Meta,Total,2003,196466,178654
506,50,Meta,Total,2004,203913,185732
507,50,Meta,Total,2005,211583,193108
508,50,Meta,Total,2006,219621,200918
509,50,Meta,Total,2007,227869,209021
510,50,Meta,Total,2008,236404,217487
511,50,Meta,Total,2009,245257,226344
512,50,Meta,Total,2010,254471,235629
513,50,Meta,Total,2011,263994,245285
514,50,Meta,Total,2012,273772,255253
515,50,Meta,Total,2013,283768,265480
516,50,Meta,Total,2014,294083,276043
517,50,Meta,Total,2015,304788,286991
518,50,Meta,Total,2016,316083,298494
519,50,Meta,Total,2017,328074,310639
520,50,Meta,Total,2018,341052,323691
521,50,Meta,Total,2019,349895,332863
522,50,Meta,Total,2020,358678,341925
523,50,Meta,Total,2021,367069,350553
524,50,Meta,Total,2022,375358,359027
525,50,Meta,Total,2023,383705,367498
526,50,Meta,Total,2024,391993,375858
527,50,Meta,Total,Unnamed: 0,45,45
528,52,Nariño,Total,1993,275497,249726
529,52,Nariño,Total,1994,286115,259460
530,52,Nariño,Total,1995,296377,268885
531,52,Nariño,Total,1996,306215,277933
532,52,Nariño,Total,1997,315630,286607
533,52,Nariño,Total,1998,324631,294915
534,52,Nariño,Total,1999,333223,302860
535,52,Nariño,Total,2000,341711,310694
536,52,Nariño,Total,2001,349906,318270
537,52,Nariño,Total,2002,357786,325596
538,52,Nariño,Total,2003,365663,332923
539,52,Nariño,Total,2004,373721,340412
540,52,Nariño,Total,2005,382092,348175
541,52,Nariño,Total,2006,390970,356383
542,52,Nariño,Total,2007,399999,364698
543,52,Nariño,Total,2008,409104,373040
544,52,Nariño,Total,2009,418479,381569
545,52,Nariño,Total,2010,428441,390565
546,52,Nariño,Total,2011,439156,400165
547,52,Nariño,Total,2012,450639,410380
548,52,Nariño,Total,2013,462914,421227
549,52,Nariño,Total,2014,476214,432929
550,52,Nariño,Total,2015,490872,445799
551,52,Nariño,Total,2016,506855,459826
552,52,Nariño,Total,2017,524064,474937
553,52,Nariño,Total,2018,543653,492200
554,52,Nariño,Total,2019,553139,501275
555,52,Nariño,Total,2020,562840,510526
556,52,Nariño,Total,2021,573220,520377
557,52,Nariño,Total,2022,584496,531025
558,52,Nariño,Total,2023,596151,541996
559,52,Nariño,Total,2024,606849,552072
560,52,Nariño,Total,Unnamed: 0,48,48
561,54,Norte De Santander,Total,1993,247303,229447
562,54,Norte De Santander,Total,1994,255259,236857
563,54,Norte De Santander,Total,1995,263043,244094
564,54,Norte De Santander,Total,1996,270578,251142
565,54,Norte De Santander,Total,1997,277820,257962
566,54,Norte De Santander,Total,1998,284792,264582
567,54,Norte De Santander,Total,1999,291472,270987
568,54,Norte De Santander,Total,2000,297895,277213
569,54,Norte De Santander,Total,2001,304039,283241
570,54,Norte De Santander,Total,2002,309956,289122
571,54,Norte De Santander,Total,2003,315678,294890
572,54,Norte De Santander,Total,2004,321374,300705
573,54,Norte De Santander,Total,2005,327264,306772
574,54,Norte De Santander,Total,2006,333199,312953
575,54,Norte De Santander,Total,2007,339273,319337
576,54,Norte De Santander,Total,2008,345475,325909
577,54,Norte De Santander,Total,2009,351855,332714
578,54,Norte De Santander,Total,2010,358419,339752
579,54,Norte De Santander,Total,2011,365107,346957
580,54,Norte De Santander,Total,2012,371953,354353
581,54,Norte De Santander,Total,2013,379060,362028
582,54,Norte De Santander,Total,2014,386389,369934
583,54,Norte De Santander,Total,2015,394233,378342
584,54,Norte De Santander,Total,2016,403798,388403
585,54,Norte De Santander,Total,2017,415577,400593
586,54,Norte De Santander,Total,2018,433292,418508
587,54,Norte De Santander,Total,2019,457070,442310
588,54,Norte De Santander,Total,2020,477239,462636
589,54,Norte De Santander,Total,2021,490249,476010
590,54,Norte De Santander,Total,2022,500202,486377
591,54,Norte De Santander,Total,2023,510163,496706
592,54,Norte De Santander,Total,2024,520521,507373
593,54,Norte De Santander,Total,Unnamed: 0,51,51
594,63,Quindío,Total,1993,117885,111382
595,63,Quindío,Total,1994,121516,114879
596,63,Quindío,Total,1995,125005,118252
597,63,Quindío,Total,1996,128318,121472
598,63,Quindío,Total,1997,131421,124507
599,63,Quindío,Total,1998,134313,127357
600,63,Quindío,Total,1999,136923,129954
601,63,Quindío,Total,2000,139265,132313
602,63,Quindío,Total,2001,141350,134444
603,63,Quindío,Total,2002,143226,136391
604,63,Quindío,Total,2003,144969,138226
605,63,Quindío,Total,2004,146658,140024
606,63,Quindío,Total,2005,148452,141937
607,63,Quindío,Total,2006,150195,143816
608,63,Quindío,Total,2007,152004,145770
609,63,Quindío,Total,2008,153869,147792
610,63,Quindío,Total,2009,155872,149957
611,63,Quindío,Total,2010,158140,152389
612,63,Quindío,Total,2011,160626,155040
613,63,Quindío,Total,2012,163202,157788
614,63,Quindío,Total,2013,165817,160581
615,63,Quindío,Total,2014,168616,163558
616,63,Quindío,Total,2015,171749,166864
617,63,Quindío,Total,2016,175267,170547
618,63,Quindío,Total,2017,179186,174623
619,63,Quindío,Total,2018,183804,179383
620,63,Quindío,Total,2019,188262,184002
621,63,Quindío,Total,2020,192801,188702
622,63,Quindío,Total,2021,197397,193455
623,63,Quindío,Total,2022,202346,198549
624,63,Quindío,Total,2023,207604,203940
625,63,Quindío,Total,2024,212786,209250
626,63,Quindío,Total,Unnamed: 0,54,54
627,66,Risaralda,Total,1993,183210,171547
628,66,Risaralda,Total,1994,189911,177922
629,66,Risaralda,Total,1995,196409,184130
630,66,Risaralda,Total,1996,202686,190159
631,66,Risaralda,Total,1997,208652,195927
632,66,Risaralda,Total,1998,214251,201387
633,66,Risaralda,Total,1999,219448,206509
634,66,Risaralda,Total,2000,224227,211282
635,66,Risaralda,Total,2001,228577,215697
636,66,Risaralda,Total,2002,232578,219835
637,66,Risaralda,Total,2003,236304,223767
638,66,Risaralda,Total,2004,240018,227742
639,66,Risaralda,Total,2005,243883,231919
640,66,Risaralda,Total,2006,247818,236219
641,66,Risaralda,Total,2007,251809,240629
642,66,Risaralda,Total,2008,255772,245064
643,66,Risaralda,Total,2009,259874,249680
644,66,Risaralda,Total,2010,264388,254731
645,66,Risaralda,Total,2011,269199,260102
646,66,Risaralda,Total,2012,274055,265539
647,66,Risaralda,Total,2013,278864,270943
648,66,Risaralda,Total,2014,283880,276552
649,66,Risaralda,Total,2015,289347,282593
650,66,Risaralda,Total,2016,295377,289170
651,66,Risaralda,Total,2017,301913,296226
652,66,Risaralda,Total,2018,309408,304201
653,66,Risaralda,Total,2019,316421,311688
654,66,Risaralda,Total,2020,323553,319264
655,66,Risaralda,Total,2021,330682,326803
656,66,Risaralda,Total,2022,338389,334877
657,66,Risaralda,Total,2023,346519,343337
658,66,Risaralda,Total,2024,354439,351557
659,66,Risaralda,Total,Unnamed: 0,57,57
660,68,Santander,Total,1993,360018,324143
661,68,Santander,Total,1994,372560,335264
662,68,Santander,Total,1995,385047,346359
663,68,Santander,Total,1996,397447,357411
664,68,Santander,Total,1997,409637,368316
665,68,Santander,Total,1998,421634,379103
666,68,Santander,Total,1999,433340,389697
667,68,Santander,Total,2000,444814,400163
668,68,Santander,Total,2001,456023,410490
669,68,Santander,Total,2002,467037,420759
670,68,Santander,Total,2003,477944,431067
671,68,Santander,Total,2004,488945,441618
672,68,Santander,Total,2005,500107,452459
673,68,Santander,Total,2006,511775,463978
674,68,Santander,Total,2007,523785,476010
675,68,Santander,Total,2008,536168,488593
676,68,Santander,Total,2009,549028,501802
677,68,Santander,Total,2010,562416,515686
678,68,Santander,Total,2011,576268,530166
679,68,Santander,Total,2012,590527,545161
680,68,Santander,Total,2013,605313,560747
681,68,Santander,Total,2014,620688,576943
682,68,Santander,Total,2015,636962,593998
683,68,Santander,Total,2016,654838,612536
684,68,Santander,Total,2017,674663,632857
685,68,Santander,Total,2018,698582,656966
686,68,Santander,Total,2019,722541,680954
687,68,Santander,Total,2020,744818,703281
688,68,Santander,Total,2021,763251,721881
689,68,Santander,Total,2022,780023,738798
690,68,Santander,Total,2023,796871,755672
691,68,Santander,Total,2024,815604,774239
692,68,Santander,Total,Unnamed: 0,60,60
693,70,Sucre,Total,1993,136234,129971
694,70,Sucre,Total,1994,139844,133430
695,70,Sucre,Total,1995,143465,136900
696,70,Sucre,Total,1996,147066,140351
697,70,Sucre,Total,1997,150626,143763
698,70,Sucre,Total,1998,154171,147160
699,70,Sucre,Total,1999,157661,150503
700,70,Sucre,Total,2000,161143,153840
701,70,Sucre,Total,2001,164606,157157
702,70,Sucre,Total,2002,168011,160420
703,70,Sucre,Total,2003,171387,163656
704,70,Sucre,Total,2004,174769,166895
705,70,Sucre,Total,2005,178284,170260
706,70,Sucre,Total,2006,181869,173690
707,70,Sucre,Total,2007,185672,177327
708,70,Sucre,Total,2008,189677,181156
709,70,Sucre,Total,2009,193935,185224
710,70,Sucre,Total,2010,198462,189549
711,70,Sucre,Total,2011,203282,194150
712,70,Sucre,Total,2012,208358,198996
713,70,Sucre,Total,2013,213755,204145
714,70,Sucre,Total,2014,219477,209603
715,70,Sucre,Total,2015,225634,215475
716,70,Sucre,Total,2016,232487,222009
717,70,Sucre,Total,2017,240195,229357
718,70,Sucre,Total,2018,249562,238287
719,70,Sucre,Total,2019,259095,247433
720,70,Sucre,Total,2020,268117,256093
721,70,Sucre,Total,2021,275827,263502
722,70,Sucre,Total,2022,282936,270338
723,70,Sucre,Total,2023,290036,277167
724,70,Sucre,Total,2024,296335,283229
725,70,Sucre,Total,Unnamed: 0,63,63
726,73,Tolima,Total,1993,286430,265259
727,73,Tolima,Total,1994,293875,272113
728,73,Tolima,Total,1995,301086,278775
729,73,Tolima,Total,1996,307983,285174
730,73,Tolima,Total,1997,314601,291349
731,73,Tolima,Total,1998,320916,297282
732,73,Tolima,Total,1999,326859,302916
733,73,Tolima,Total,2000,332508,308332
734,73,Tolima,Total,2001,337884,313552
735,73,Tolima,Total,2002,342985,318585
736,73,Tolima,Total,2003,347917,323533
737,73,Tolima,Total,2004,352791,328507
738,73,Tolima,Total,2005,357700,333595
739,73,Tolima,Total,2006,362593,338761
740,73,Tolima,Total,2007,367712,344226
741,73,Tolima,Total,2008,373100,350031
742,73,Tolima,Total,2009,378862,356271
743,73,Tolima,Total,2010,385092,363026
744,73,Tolima,Total,2011,391737,370236
745,73,Tolima,Total,2012,398797,377892
746,73,Tolima,Total,2013,406207,385915
747,73,Tolima,Total,2014,414114,394431
748,73,Tolima,Total,2015,422656,403555
749,73,Tolima,Total,2016,432002,413436
750,73,Tolima,Total,2017,442277,424184
751,73,Tolima,Total,2018,453804,436102
752,73,Tolima,Total,2019,461537,444384
753,73,Tolima,Total,2020,469420,452759
754,73,Tolima,Total,2021,477114,460899
755,73,Tolima,Total,2022,484869,469041
756,73,Tolima,Total,2023,492812,477309
757,73,Tolima,Total,2024,501218,485965
758,73,Tolima,Total,Unnamed: 0,66,66
759,76,Valle Del Cauca,Total,1993,913776,816339
760,76,Valle Del Cauca,Total,1994,939556,839687
761,76,Valle Del Cauca,Total,1995,964471,862367
762,76,Valle Del Cauca,Total,1996,988374,884273
763,76,Valle Del Cauca,Total,1997,1011057,905243
764,76,Valle Del Cauca,Total,1998,1032285,925105
765,76,Valle Del Cauca,Total,1999,1051946,943796
766,76,Valle Del Cauca,Total,2000,1069984,961312
767,76,Valle Del Cauca,Total,2001,1086347,977659
768,76,Valle Del Cauca,Total,2002,1101253,993086
769,76,Valle Del Cauca,Total,2003,1115435,1008319
770,76,Valle Del Cauca,Total,2004,1129576,1024038
771,76,Valle Del Cauca,Total,2005,1145019,1041529
772,76,Valle Del Cauca,Total,2006,1160198,1059427
773,76,Valle Del Cauca,Total,2007,1175340,1077974
774,76,Valle Del Cauca,Total,2008,1189931,1096702
775,76,Valle Del Cauca,Total,2009,1204854,1116390
776,76,Valle Del Cauca,Total,2010,1221186,1137969
777,76,Valle Del Cauca,Total,2011,1238837,1161259
778,76,Valle Del Cauca,Total,2012,1257285,1185637
779,76,Valle Del Cauca,Total,2013,1276180,1210604
780,76,Valle Del Cauca,Total,2014,1296585,1237000
781,76,Valle Del Cauca,Total,2015,1319568,1265698
782,76,Valle Del Cauca,Total,2016,1345472,1296918
783,76,Valle Del Cauca,Total,2017,1373981,1330278
784,76,Valle Del Cauca,Total,2018,1412075,1372515
785,76,Valle Del Cauca,Total,2019,1441540,1405940
786,76,Valle Del Cauca,Total,2020,1470514,1438396
787,76,Valle Del Cauca,Total,2021,1500358,1471231
788,76,Valle Del Cauca,Total,2022,1533143,1506514
789,76,Valle Del Cauca,Total,2023,1566471,1541935
790,76,Valle Del Cauca,Total,2024,1598439,1575669
791,76,Valle Del Cauca,Total,Unnamed: 0,69,69
792,81,Arauca,Total,1993,40654,37234
793,81,Arauca,Total,1994,41994,38473
794,81,Arauca,Total,1995,43260,39646
795,81,Arauca,Total,1996,44474,40776
796,81,Arauca,Total,1997,45618,41845
797,81,Arauca,Total,1998,46723,42884
798,81,Arauca,Total,1999,47733,43840
799,81,Arauca,Total,2000,48712,44773
800,81,Arauca,Total,2001,49625,45652
801,81,Arauca,Total,2002,50477,46482
802,81,Arauca,Total,2003,51311,47301
803,81,Arauca,Total,2004,52109,48096
804,81,Arauca,Total,2005,52969,48815
805,81,Arauca,Total,2006,53976,49807
806,81,Arauca,Total,2007,55088,50899
807,81,Arauca,Total,2008,56335,52122
808,81,Arauca,Total,2009,57736,53494
809,81,Arauca,Total,2010,59276,55015
810,81,Arauca,Total,2011,60935,56680
811,81,Arauca,Total,2012,62719,58487
812,81,Arauca,Total,2013,64700,60498
813,81,Arauca,Total,2014,66821,62644
814,81,Arauca,Total,2015,69198,65034
815,81,Arauca,Total,2016,72143,67901
816,81,Arauca,Total,2017,75808,71440
817,81,Arauca,Total,2018,81199,76606
818,81,Arauca,Total,2019,87416,82625
819,81,Arauca,Total,2020,92804,87864
820,81,Arauca,Total,2021,96395,91398
821,81,Arauca,Total,2022,99118,94101
822,81,Arauca,Total,2023,101821,96775
823,81,Arauca,Total,2024,105147,100034
824,81,Arauca,Total,Unnamed: 0,72,72
825,85,Casanare,Total,1993,47655,43815
826,85,Casanare,Total,1994,50418,46182
827,85,Casanare,Total,1995,53249,48626
828,85,Casanare,Total,1996,56126,51138
829,85,Casanare,Total,1997,59024,53699
830,85,Casanare,Total,1998,61947,56314
831,85,Casanare,Total,1999,64851,58938
832,85,Casanare,Total,2000,67754,61590
833,85,Casanare,Total,2001,70673,64280
834,85,Casanare,Total,2002,73608,67008
835,85,Casanare,Total,2003,76612,69823
836,85,Casanare,Total,2004,79681,72721
837,85,Casanare,Total,2005,82868,75748
838,85,Casanare,Total,2006,86226,78958
839,85,Casanare,Total,2007,89709,82308
840,85,Casanare,Total,2008,93260,85744
841,85,Casanare,Total,2009,96942,89323
842,85,Casanare,Total,2010,100769,93059
843,85,Casanare,Total,2011,104702,96911
844,85,Casanare,Total,2012,108787,100920
845,85,Casanare,Total,2013,113049,105105
846,85,Casanare,Total,2014,117523,109496
847,85,Casanare,Total,2015,122311,114186
848,85,Casanare,Total,2016,127491,119241
849,85,Casanare,Total,2017,133144,124736
850,85,Casanare,Total,2018,139635,131013
851,85,Casanare,Total,2019,144373,135706
852,85,Casanare,Total,2020,148804,140104
853,85,Casanare,Total,2021,152547,143846
854,85,Casanare,Total,2022,155988,147289
855,85,Casanare,Total,2023,159424,150714
856,85,Casanare,Total,2024,163629,154853
857,85,Casanare,Total,Unnamed: 0,75,75
858,86,Putumayo,Total,1993,50359,50110
859,86,Putumayo,Total,1994,51567,51289
860,86,Putumayo,Total,1995,52985,52684
861,86,Putumayo,Total,1996,54462,54136
862,86,Putumayo,Total,1997,55930,55576
863,86,Putumayo,Total,1998,57466,57076
864,86,Putumayo,Total,1999,59043,58615
865,86,Putumayo,Total,2000,60708,60237
866,86,Putumayo,Total,2001,62450,61934
867,86,Putumayo,Total,2002,64294,63726
868,86,Putumayo,Total,2003,66250,65620
869,86,Putumayo,Total,2004,68355,67644
870,86,Putumayo,Total,2005,70622,69406
871,86,Putumayo,Total,2006,73114,71709
872,86,Putumayo,Total,2007,75841,74173
873,86,Putumayo,Total,2008,78816,76807
874,86,Putumayo,Total,2009,82098,79587
875,86,Putumayo,Total,2010,85727,82529
876,86,Putumayo,Total,2011,89712,85462
877,86,Putumayo,Total,2012,93960,88226
878,86,Putumayo,Total,2013,98538,90958
879,86,Putumayo,Total,2014,103559,93797
880,86,Putumayo,Total,2015,109081,96988
881,86,Putumayo,Total,2016,115236,100804
882,86,Putumayo,Total,2017,122093,105423
883,86,Putumayo,Total,2018,129876,111070
884,86,Putumayo,Total,2019,134597,114381
885,86,Putumayo,Total,2020,139340,117885
886,86,Putumayo,Total,2021,144080,121523
887,86,Putumayo,Total,2022,148952,125372
888,86,Putumayo,Total,2023,153975,129418
889,86,Putumayo,Total,2024,159354,133814
890,86,Putumayo,Total,Unnamed: 0,78,78
891,88,"Archipiélago De San Andrés, Providencia Y",Total,1993,14124,13383
892,88,"Archipiélago De San Andrés, Providencia Y",Total,1994,14547,13792
893,88,"Archipiélago De San Andrés, Providencia Y",Total,1995,14925,14159
894,88,"Archipiélago De San Andrés, Providencia Y",Total,1996,15274,14502
895,88,"Archipiélago De San Andrés, Providencia Y",Total,1997,15607,14831
896,88,"Archipiélago De San Andrés, Providencia Y",Total,1998,15875,15100
897,88,"Archipiélago De San Andrés, Providencia Y",Total,1999,16130,15360
898,88,"Archipiélago De San Andrés, Providencia Y",Total,2000,16361,15600
899,88,"Archipiélago De San Andrés, Providencia Y",Total,2001,16541,15794
900,88,"Archipiélago De San Andrés, Providencia Y",Total,2002,16695,15967
901,88,"Archipiélago De San Andrés, Providencia Y",Total,2003,16814,16111
902,88,"Archipiélago De San Andrés, Providencia Y",Total,2004,16939,16263
903,88,"Archipiélago De San Andrés, Providencia Y",Total,2005,17055,16411
904,88,"Archipiélago De San Andrés, Providencia Y",Total,2006,17190,16580
905,88,"Archipiélago De San Andrés, Providencia Y",Total,2007,17346,16773
906,88,"Archipiélago De San Andrés, Providencia Y",Total,2008,17489,16955
907,88,"Archipiélago De San Andrés, Providencia Y",Total,2009,17650,17156
908,88,"Archipiélago De San Andrés, Providencia Y",Total,2010,17831,17378
909,88,"Archipiélago De San Andrés, Providencia Y",Total,2011,18031,17618
910,88,"Archipiélago De San Andrés, Providencia Y",Total,2012,18259,17886
911,88,"Archipiélago De San Andrés, Providencia Y",Total,2013,18519,18182
912,88,"Archipiélago De San Andrés, Providencia Y",Total,2014,18802,18500
913,88,"Archipiélago De San Andrés, Providencia Y",Total,2015,19132,18861
914,88,"Archipiélago De San Andrés, Providencia Y",Total,2016,19516,19273
915,88,"Archipiélago De San Andrés, Providencia Y",Total,2017,19935,19718
916,88,"Archipiélago De San Andrés, Providencia Y",Total,2018,20443,20248
917,88,"Archipiélago De San Andrés, Providencia Y",Total,2019,21227,21049
918,88,"Archipiélago De San Andrés, Providencia Y",Total,2020,22067,21904
919,88,"Archipiélago De San Andrés, Providencia Y",Total,2021,22815,22666
920,88,"Archipiélago De San Andrés, Providencia Y",Total,2022,23467,23331
921,88,"Archipiélago De San Andrés, Providencia Y",Total,2023,24066,23942
922,88,"Archipiélago De San Andrés, Providencia Y",Total,2024,24533,24419
923,88,"Archipiélago De San Andrés, Providencia Y",Total,Unnamed: 0,81,81
924,91,Amazonas,Total,1993,8303,7834
925,91,Amazonas,Total,1994,8680,8194
926,91,Amazonas,Total,1995,9064,8561
927,91,Amazonas,Total,1996,9408,8891
928,91,Amazonas,Total,1997,9760,9227
929,91,Amazonas,Total,1998,10093,9547
930,91,Amazonas,Total,1999,10406,9847
931,91,Amazonas,Total,2000,10738,10166
932,91,Amazonas,Total,2001,11037,10454
933,91,Amazonas,Total,2002,11338,10743
934,91,Amazonas,Total,2003,11614,11010
935,91,Amazonas,Total,2004,11891,11278
936,91,Amazonas,Total,2005,12190,11565
937,91,Amazonas,Total,2006,12522,11887
938,91,Amazonas,Total,2007,12897,12246
939,91,Amazonas,Total,2008,13267,12601
940,91,Amazonas,Total,2009,13651,12968
941,91,Amazonas,Total,2010,14100,13396
942,91,Amazonas,Total,2011,14563,13836
943,91,Amazonas,Total,2012,15059,14306
944,91,Amazonas,Total,2013,15535,14756
945,91,Amazonas,Total,2014,16061,15252
946,91,Amazonas,Total,2015,16631,15789
947,91,Amazonas,Total,2016,17262,16383
948,91,Amazonas,Total,2017,17954,17035
949,91,Amazonas,Total,2018,18795,17828
950,91,Amazonas,Total,2019,19393,18386
951,91,Amazonas,Total,2020,20053,19004
952,91,Amazonas,Total,2021,20739,19648
953,91,Amazonas,Total,2022,21480,20344
954,91,Amazonas,Total,2023,22284,21103
955,91,Amazonas,Total,2024,23165,21936
956,91,Amazonas,Total,Unnamed: 0,84,84
957,94,Guainía,Total,1993,4035,3955
958,94,Guainía,Total,1994,4215,4129
959,94,Guainía,Total,1995,4399,4307
960,94,Guainía,Total,1996,4563,4464
961,94,Guainía,Total,1997,4749,4643
962,94,Guainía,Total,1998,4913,4799
963,94,Guainía,Total,1999,5095,4973
964,94,Guainía,Total,2000,5259,5130
965,94,Guainía,Total,2001,5427,5290
966,94,Guainía,Total,2002,5583,5438
967,94,Guainía,Total,2003,5762,5607
968,94,Guainía,Total,2004,5922,5758
969,94,Guainía,Total,2005,6103,5926
970,94,Guainía,Total,2006,6328,6137
971,94,Guainía,Total,2007,6576,6369
972,94,Guainía,Total,2008,6827,6602
973,94,Guainía,Total,2009,7096,6847
974,94,Guainía,Total,2010,7395,7120
975,94,Guainía,Total,2011,7709,7404
976,94,Guainía,Total,2012,8017,7681
977,94,Guainía,Total,2013,8344,7967
978,94,Guainía,Total,2014,8680,8262
979,94,Guainía,Total,2015,9049,8586
980,94,Guainía,Total,2016,9445,8932
981,94,Guainía,Total,2017,9873,9308
982,94,Guainía,Total,2018,10415,9793
983,94,Guainía,Total,2019,10919,10256
984,94,Guainía,Total,2020,11412,10695
985,94,Guainía,Total,2021,11771,11022
986,94,Guainía,Total,2022,12107,11328
987,94,Guainía,Total,2023,12448,11638
988,94,Guainía,Total,2024,12866,12022
989,94,Guainía,Total,Unnamed: 0,87,87
990,95,Guaviare,Total,1993,12821,11062
991,95,Guaviare,Total,1994,13542,11642
992,95,Guaviare,Total,1995,14230,12190
993,95,Guaviare,Total,1996,14867,12697
994,95,Guaviare,Total,1997,15423,13137
995,95,Guaviare,Total,1998,15922,13537
996,95,Guaviare,Total,1999,16343,13877
997,95,Guaviare,Total,2000,16690,14163
998,95,Guaviare,Total,2001,16959,14392
999,95,Guaviare,Total,2002,17187,14596
1000,95,Guaviare,Total,2003,17357,14761
1001,95,Guaviare,Total,2004,17497,14918
1002,95,Guaviare,Total,2005,17623,14991
1003,95,Guaviare,Total,2006,17726,15157
1004,95,Guaviare,Total,2007,17870,15388
1005,95,Guaviare,Total,2008,18077,15708
1006,95,Guaviare,Total,2009,18311,16090
1007,95,Guaviare,Total,2010,18639,16590
1008,95,Guaviare,Total,2011,19013,17163
1009,95,Guaviare,Total,2012,19467,17828
1010,95,Guaviare,Total,2013,20020,18597
1011,95,Guaviare,Total,2014,20671,19452
1012,95,Guaviare,Total,2015,21431,20386
1013,95,Guaviare,Total,2016,22357,21453
1014,95,Guaviare,Total,2017,23426,22634
1015,95,Guaviare,Total,2018,24678,23970
1016,95,Guaviare,Total,2019,25597,24958
1017,95,Guaviare,Total,2020,26526,25938
1018,95,Guaviare,Total,2021,27472,26920
1019,95,Guaviare,Total,2022,28472,27944
1020,95,Guaviare,Total,2023,29530,29017
1021,95,Guaviare,Total,2024,30852,30342
1022,95,Guaviare,Total,Unnamed: 0,90,90
1023,97,Vaupés,Total,1993,3047,2617
1024,97,Vaupés,Total,1994,3193,2739
1025,97,Vaupés,Total,1995,3353,2869
1026,97,Vaupés,Total,1996,3487,2979
1027,97,Vaupés,Total,1997,3605,3076
1028,97,Vaupés,Total,1998,3709,3161
1029,97,Vaupés,Total,1999,3792,3230
1030,97,Vaupés,Total,2000,3884,3307
1031,97,Vaupés,Total,2001,3971,3381
1032,97,Vaupés,Total,2002,4040,3443
1033,97,Vaupés,Total,2003,4115,3513
1034,97,Vaupés,Total,2004,4196,3590
1035,97,Vaupés,Total,2005,4268,3664
1036,97,Vaupés,Total,2006,4399,3790
1037,97,Vaupés,Total,2007,4546,3936
1038,97,Vaupés,Total,2008,4725,4122
1039,97,Vaupés,Total,2009,4909,4324
1040,97,Vaupés,Total,2010,5110,4554
1041,97,Vaupés,Total,2011,5334,4819
1042,97,Vaupés,Total,2012,5550,5090
1043,97,Vaupés,Total,2013,5778,5376
1044,97,Vaupés,Total,2014,6001,5657
1045,97,Vaupés,Total,2015,6259,5965
1046,97,Vaupés,Total,2016,6511,6259
1047,97,Vaupés,Total,2017,6795,6575
1048,97,Vaupés,Total,2018,7156,6959
1049,97,Vaupés,Total,2019,7617,7435
1050,97,Vaupés,Total,2020,8111,7938
1051,97,Vaupés,Total,2021,8612,8446
1052,97,Vaupés,Total,2022,9141,8978
1053,97,Vaupés,Total,2023,9673,9513
1054,97,Vaupés,Total,2024,10163,10004
1055,97,Vaupés,Total,Unnamed: 0,93,93
1056,99,Vichada,Total,1993,10993,10086
1057,99,Vichada,Total,1994,11440,10501
1058,99,Vichada,Total,1995,11844,10877
1059,99,Vichada,Total,1996,12272,11275
1060,99,Vichada,Total,1997,12681,11654
1061,99,Vichada,Total,1998,13076,12024
1062,99,Vichada,Total,1999,13469,12389
1063,99,Vichada,Total,2000,13868,12761
1064,99,Vichada,Total,2001,14248,13117
1065,99,Vichada,Total,2002,14653,13496
1066,99,Vichada,Total,2003,15064,13883
1067,99,Vichada,Total,2004,15501,14294
1068,99,Vichada,Total,2005,15965,14733
1069,99,Vichada,Total,2006,16488,15226
1070,99,Vichada,Total,2007,17034,15743
1071,99,Vichada,Total,2008,17635,16310
1072,99,Vichada,Total,2009,18236,16877
1073,99,Vichada,Total,2010,18924,17524
1074,99,Vichada,Total,2011,19643,18196
1075,99,Vichada,Total,2012,20410,18909
1076,99,Vichada,Total,2013,21237,19671
1077,99,Vichada,Total,2014,22143,20502
1078,99,Vichada,Total,2015,23136,21405
1079,99,Vichada,Total,2016,24232,22399
1080,99,Vichada,Total,2017,25481,23527
1081,99,Vichada,Total,2018,26930,24837
1082,99,Vichada,Total,2019,28221,26059
1083,99,Vichada,Total,2020,29427,27200
1084,99,Vichada,Total,2021,30450,28166
1085,99,Vichada,Total,2022,31414,29076
1086,99,Vichada,Total,2023,32363,29967
1087,99,Vichada,Total,2024,33326,30869
1088,99,Vichada,Total,Unnamed: 0,96,96
